

{
    "z": 7,
    "timestamp": 1723651149296719872,
    "position": [
        1.003771909290371,
        0.5839592481701499,
        6.952062200475433,
        1.0        ],        
    "transform": [
        [                
            0.9875153157056765,
            -0.15751810471079405,
            0.0012441603791274766,
            0.9946273306224365            
        ],            
        [
            0.15750584023884837,
            0.987493468216362,
            0.006968537916154704,
            0.5327404951509844
        ],
        [
            -0.002326271132959971,
            -0.006685575394372104,
            0.9999749454582695,
            -0.39775355327780443
        ],
        [
            0.0,
            0.0,
            0.0,
            1.0
        ]
    ],
    "sect": "Central_Web",
    "eqHeight": 2688,
    "eqWidth": 5376
}
